,Unnamed: 0,name,rosetta_energy,loss_tot,loss_cce,loss_entropy,loss_rep,loss_rog,contig_rmsd,contig_sc_rmsd,rog,len,seq,net_charge,ss,topology,ss_strand_frac,ss_helix_frac,ss_loop_frac,af2_lddt,rmsd_af2_des,contig_rmsd_af2_des,contig_rmsd_af2,folder,score_res
0,0,pd1_r1_10,-248.74,0.7548128171313113,1.5740363083261553,2.054599665437276,0.00025942461797967553,0.14490926265716553,1.0945870891461913,,13.841382625941387,94,DCQRCVQEAKTAGCEIKCTITVTGTITGPVTVRVIFHHPGGHQHEVTQSTVSPGDRTVTAWGTGNEQVQVVIHAHGQGGKSQQSNPINVVDPWM,-1,LHHHHHHHHHHHLLLEEEEEELLLLLLLLEEEEEEEELLLLLEEEEEEEEELLLLLEEEEEELLLLEEEEEEEELLLLLEEEELLLEELLLLLL,HEEEEEEE,0.4574468085106383,0.11702127659574467,0.425531914893617,68.99004843906624,5.749111585264022,0.9243654090104786,1.4114842923900035,output/run1/trf_relax/,-2.6461702127659574
19,19,pd1_r1_13,-250.128,0.7387850182520244,1.7253502613268037,1.8835331930993968,0.00046097964514046913,0.08411967754364014,1.309312371068391,,13.097704180036724,93,MVKCTMTYWICGQPVTVNVTANCGCGWARVRFVLQHPGGHMIHVGNGTAGNPQPVTPDQWDSIKKYKGQKVQVVLEPRGGNKKMQTSSPQQVK,8,LEEEEEEEEELLEEEEEEEEELLLLLLEEEEEEEELLLLLEEEEEEEELLLLEELLHHHHHHHHHHLLLEEEEEEEELLLLLLLEELLLEELL,EEEEEHEEE,0.5161290322580645,0.10752688172043012,0.3763440860215054,66.38793981631629,2.39311207407366,0.988970285082542,1.4527602972333828,output/run1/trf_relax/,-2.689548387096774
